Africa,Americas,Asia,Europe,Oceania,Total
Charlee,Grey,Sura,Roxie,Sloan,Mckinley
Raelyn,Nikolai,Ariella,Leeta,Weston,Milan
Emberly,Sura,Yerachmiel,Lona,Solange,Mccoy
Kathalina,Remi,Elif,Susie,Boone,Adelina
Jader,Jenson,Adrielle,Eugenie,Kiyomi,Evalina
Raelynne,Charli,Jenson,Parthenia,Arisha,Berkley
Sloane,Elif,Raelle,Sylvania,Thorin,Cruz
Suria,Zehava,Saud,Dagmar,Uriah,Aubrey
Brielle,Yerachmiel,Adreena,Olinda,Farida,Bennett
Leyland,Ariella,Kiam,Lesta,Raylon,Benson
Wren,Beaux,Zehava,Leita,Levi,Vienna
Paxton,Nash,Suleiman,Artie,Jabir,Amelia
Zuri,Kiam,Aston,Monnie,Roselynn,Juliette
Sutton,Othniel,Remington,Lennie,Arian,Leighton
Colbie,Suleiman,Charli,Leta,Capri,Audree
Kornelius,Aubrey,Jema,Nona,Grey,Prince
Rajon,Dariel,Viren,Lauretta,Remy,Aurora
Kace,Raelle,Beaux,Louvenia,Kiam,Rockwell
Ghazal,Alistair,Manoah,Leatha,Linley,Emilia
Bow,Manoah,Kallen,Retta,Jema,Ellison
Persephone,Aston,Nikolai,Roe,Eyad,Ander
Ember,Shavy,Shavy,Manuelita,Miri,Berkeley
Grayson,Kallen,Remi,Leda,Zeke,Serafina
Milanie,Saud,Othniel,Ardelia,Graeme,Romeo
Eira,Daiana,England,Netta,Lowen,Wilder
Freya,Aira,Kilani,Tempie,Lesieli,Boone
Khalifa,Lian,Raylon,Nonie,Yekusiel,Stiles
Case,Adreena,Farida,Rosena,Aubrey,Grey
Bay,Adrielle,Honour,Rollie,Charli,Hayes
Auri,Raylyn,Lesieli,Jannie,Emi,Honor
Maci,Farida,Weston,Lethia,Gedalia,Truitt
Kenley,Viren,Lian,Vinnie,Sura,Dahlia
Benaiah,Remington,Audriana,Annice,Titus,Jasper
Flynn,Darina,Kenzi,Clemmie,Saam,Vivianne
Kase,Emmeline,Alistair,Della,Adrielle,Emmeline
Maverick,Kamilla,Aira,Fleming,Dariel,Kato
Jayce,Arisha,Nishika,Belvia,Zac,Matias
Briggs,Kenzi,Arisha,Rose,Efrayim,Whitman
Navy,Bowen,Yekusiel,Eppie,Adreena,Rawley
Rosali,Alysson,Dariel,Estella,Othniel,Tennyson
Renad,Raylynn,Grey,Margaretta,Alysson,Rayner
Samil,Dahlia,Westin,Melvina,Hendrik,Annabel
Lennon,Westin,Nash,Veta,Fallyn,Ezra
Gunnison,Atom,Abdulaziz,Pinkey,Aston,Solange
Niome,Nishika,Kember,Woodie,Mysha,Santi
Aisleen,Cali,Raylyn,Catharine,Beauregard,Bright
Seydi,Sapphira,Cartier,Barney,Rozlyn,Emmy
Liam,Kato,Baylen,Martha,Anabell,Azalea
Lamere,Crimson,Benaiah,Lawyer,Remi,Ellery
Ammanuel,Jema,Nosson,Neta,Colt,Dariel
Kiralyn,England,Valyn,Anice,Caralynn,Delilah
Raelynn,Karam,Emmeline,Helene,Callin,Hendrik
Cairo,Nosson,Alysson,Hamp,Abdulaziz,Nash
Gemma,Roniel,Saam,Mada,Verity,Oliver
Henrik,Benaiah,Callan,Adolphus,Akemi,Kiyomi
Annalynn,Cartier,Daiana,Freda,Daiana,Truett
Ariadne,Matias,Remy,Mose,Yerachmiel,Roselynn
Auset,Kora,Bowen,Orelia,Raelle,Gibson
Legacy,Jovi,Karam,Irma,Kato,Roman
Krystell,Gideon,Kayler,Aleda,Alistair,Layton
Dimari,Boone,Crimson,Collie,Saud,Holt
Kyuss,Weston,Ivanna,Lugenia,Leia,Weston
Lynlee,Dezi,Efrayim,Zollie,Nikolai,Emmaline
Keyston,Eli,Raylynn,Ike,Zehava,Truly
Rechy,Avni,Narayan,Dora,Romina,Avrum
Axl,Valyn,Kato,Josepha,Davi,Cyrene
Vidur,Remy,Jeancarlos,Letha,Fitzpatrick,Sloan
Zecharia,Ivanna,Keaston,Thyra,Kamilla,Remi
Seydina,Honour,Callin,Luvenia,Analee,Gideon
Naamah,Bennett,Atom,Mary,Adeena,Milo
Eloni,Ezra,Hesston,Percy,Antonella,Anderson
Zanovia,Leighton,Arian,Sallye,Ariella,Eli
Aubri,Jubilee,Roniel,Margart,Mera,Aston
Aubrei,Roselynn,Cali,Reta,Jenson,Santiago
Annaleigh,Yekusiel,Kolt,Trudie,Crimson,Patton
Rynn,Callin,Kora,Willie,Nael,Clover
Annaleah,Ariadne,Alasdair,Berta,Beaumont,Adelaine
Jordynn,Rhys,Jovi,Cornelia,Zinnia,Zeke
Chapel,Raylon,Chatham,Electa,Hosanna,Annalee
Raea,Aubri,Sloan,Marquerite,Taleen,Linley
Adalina,Kenzie,Westen,Robley,Narayan,Rome
Alister,Keaston,Darina,Burney,Ameila,Milly
Pristine,Leevi,Kamilla,Ebbie,Afaf,Miles
Nihaal,Lesieli,Rosali,Hosie,Manoah,Niva
Fatiha,Westen,Yohannes,Enola,Jeremias,Rozlyn
Lian,Yousif,Alister,Zona,Menashe,Aurelius
Kyrus,Samier,Boone,Claude,Radley,Copeland
Cye,Alister,Ariadne,Nonnie,Muhammad,Emelia
Jannatul,Emilyn,Liem,Rella,Darina,Beauregard
Aalaiyah,Sloan,Graeme,Jule,Salahuddin,Julietta
Tameem,Adriel,Sapphira,Pearlie,Banning,Ivy
Daxx,Narayan,Zuri,Rosetta,Aira,Bowen
Osiah,Chevy,Mysha,Theodosia,Dahlia,Othniel
Adilen,Liem,Batsheva,Norine,Shavy,Maisie
Lui,Alasdair,Aubri,Aggie,Beaux,Titus
Naveena,Lev,Jubilee,Pinkie,Elif,Leeland
Juliete,Setareh,Kenzie,Leonia,Langston,Langston
Azalea,Hadassah,Leevi,Floretta,Quinn,Artemis
Valentina,Kilani,Setareh,Rowena,Valyn,Emelina
Demoni,Rosali,Quinne,Freida,Leahmarie,Everest
